"","Date","true_return","returnhat"
"2018-04-02",1,-1.05812203448933,0.0656210739939551
"2018-04-03",2,0.213735190736666,0.0847912351518466
"2018-04-04",3,0.235479990617057,-0.476762481898558
"2018-04-05",4,0.906270656394749,-0.465111419423809
"2018-04-06",5,-1.16482180932933,0.22875157232333
"2018-04-09",6,-10.6070407049995,0.292911294510861
"2018-04-10",7,-0.268187683490039,0.261008642787359
"2018-04-11",8,-0.471439613264688,0.0676922641693397
"2018-04-12",9,2.69464841194046,-0.0539588829204395
"2018-04-13",10,-1.31003756451968,-0.0194576608541735
"2018-04-16",11,-1.25363122477221,-0.20542063973917
"2018-04-17",12,2.35905319088519,-0.154584159053158
"2018-04-18",13,2.05253806024418,0.124343940835996
"2018-04-19",14,-0.0527284434963614,0.203026142144511
"2018-04-20",15,-0.468844198112641,-0.173516371167952
"2018-04-23",16,-0.0642901962586365,-0.106454868209699
"2018-04-24",17,0.568491546411004,0.221793940639011
"2018-04-25",18,-0.993598208552614,-0.173266765631425
"2018-04-26",19,0.573605217690294,-0.215675192570954
"2018-04-27",20,1.23940475439554,0.147205020133845
"2018-04-30",21,-0.60775792718454,0.365607770129282
"2018-05-02",22,-1.06358796767889,-0.0546892506129378
"2018-05-03",23,-0.513717278327911,-0.317991115387305
"2018-05-04",24,1.14413300260373,-0.272953790268877
"2018-05-07",25,0.451631871781996,0.0321613297784038
"2018-05-08",26,-0.718330957098171,0.230640823910934
"2018-05-09",27,-0.718330957098171,0.0590353642431731
"2018-05-10",28,2.29440575347214,0.169841370217679
"2018-05-11",29,0.851450948647018,0.189280808750062
"2018-05-14",30,0.505635727471278,0.243428301116172
"2018-05-15",31,-1.39187992546525,-0.202875575160862
"2018-05-16",32,0.657204430407025,-0.0206149599939216
"2018-05-17",33,-0.476932768267034,-0.107744938416265
"2018-05-18",34,-0.498408845428839,0.0851698606786135
"2018-05-21",35,1.11422097642326,0.136554755218902
"2018-05-22",36,0.599570997802331,0.144950717864216
"2018-05-23",37,-1.60008497096305,-0.398934911941988
"2018-05-24",38,-0.0584794113176152,0.0746184321098389
"2018-05-25",39,-0.214127872393965,-0.128250753334259
"2018-05-28",40,-0.15661402988744,0.148177956957758
"2018-05-29",41,-0.735548419019518,-0.25212715205187
"2018-05-30",42,0.490993669503761,-0.305894720873725
"2018-05-31",43,0.00657392658286177,0.293281445991412
"2018-06-01",44,0.0883880707687576,0.0323931872249523
"2018-06-04",45,0.919164468103603,0.362786916025033
"2018-06-05",46,-0.4082973305396,0.0818234804679181
"2018-06-06",47,0.298201679275975,0.13029823747155
"2018-06-07",48,-0.379142387373363,0.186623402357405
"2018-06-08",49,-1.6943175395239,-0.349314645295352
"2018-06-11",50,-0.430175070358108,0.0991677959604821
"2018-06-12",51,-0.430175070358108,0.0483449951842777
"2018-06-13",52,0.342543990227786,-0.243068060755865
"2018-06-14",53,-0.395821727730085,-0.11969467850312
"2018-06-15",54,-1.47325070007753,-0.0655248066567974
"2018-06-18",55,-1.02695755134073,-0.0725865853519977
"2018-06-19",56,-0.229615156683984,-0.544230701080171
"2018-06-20",57,1.40683364496461,0.147159416769479
"2018-06-21",58,-0.519052960347342,-0.217587970779116
"2018-06-22",59,0.913587219591627,0.0387147450522525
"2018-06-25",60,-0.314310129631913,-0.215215416090052
"2018-06-26",61,-0.40597719204291,-0.0572760364519207
"2018-06-27",62,0.700953381755033,-0.35654029455974
"2018-06-28",63,0.0232271466984918,0.0802034873392488
"2018-06-29",64,1.76995023789611,0.302188218595832
"2018-07-02",65,-0.144152620026441,0.31134122809253
"2018-07-03",66,-0.245977823703065,-0.250654263109473
"2018-07-04",67,0.00899475599411435,-0.170887370663722
"2018-07-05",68,1.44533640061196,-0.0216877961195746
"2018-07-06",69,0.112995405601152,0.103036377472216
"2018-07-09",70,1.15971972864167,0.271764220207284
"2018-07-10",71,0.539314834376732,0.0196651955176683
"2018-07-11",72,-0.925782973035955,-0.23616484905203
"2018-07-12",73,-0.51272988482917,0.145460464332161
"2018-07-13",74,0.696904013875521,0.0573371066177055
"2018-07-16",75,-0.501670023443279,0.0437371922324231
"2018-07-17",76,-0.905450455189369,-0.288872243188044
"2018-07-18",77,-1.20685467526303,-0.0352806867355108
"2018-07-19",78,-1.2235730063368,-0.0895579530036661
"2018-07-20",79,-0.594303306803097,0.193367514772532
"2018-07-23",80,0.937165500814095,0.0411305971897088
"2018-07-24",81,0.841149734124276,0.404659559885915
"2018-07-25",82,-0.121082248828564,0.221319470781713
"2018-07-26",83,0.429647312137495,-0.0930285447219243
"2018-07-27",84,0.181035153777563,0.0385398687661655
"2018-07-30",85,0.637946473990074,-0.0408719333789434
"2018-07-31",86,0.630055317994525,-0.102049905195197
"2018-08-01",87,-0.756435428619276,-0.168768613218684
"2018-08-02",88,-1.13256165714052,-0.525997460460851
"2018-08-03",89,0.251881693094552,-0.0117100033956559
"2018-08-06",90,-0.385189329627111,0.136538798503015
"2018-08-07",91,0.518090346630929,0.3652771111918
"2018-08-08",92,-2.01746583409345,0.107138941960968
"2018-08-09",93,-1.00561826953667,0.202736519173051
"2018-08-10",94,-2.53870020133118,-0.176955555184094
"2018-08-13",95,0.184058577684469,-0.283145326763661
"2018-08-14",96,1.36251861058814,-0.151420125086564
"2018-08-15",97,-1.63273064016339,-0.334779972219903
"2018-08-16",98,0.706638969008778,-0.183192853862089
"2018-08-17",99,-0.851314717163256,0.0886532910871529
"2018-08-20",100,0.789254371605359,0.294027261341137
"2018-08-21",101,0.424642799618454,0.119683840848217
"2018-08-22",102,-0.414297211048132,0.126117229429484
"2018-08-23",103,-1.33488805887534,-0.12423676706632
"2018-08-24",104,1.28548467871019,-0.118312652237976
"2018-08-27",105,1.20916776151312,0.479957377274628
"2018-08-28",106,-0.349810872150048,0.0466278961087694
"2018-08-29",107,0.413623412071219,0.0283462282417607
"2018-08-30",108,-0.569143209124824,-0.208781033403372
"2018-08-31",109,1.01930444468634,-0.214044191799213
"2018-09-03",110,-0.422264576082718,-0.150119737819145
"2018-09-04",111,-0.174835477723601,0.191889597936436
"2018-09-05",112,-0.807306527246352,-0.557748749986239
"2018-09-06",113,-0.890808323783259,-0.230951676452194
"2018-09-07",114,-0.233911642502747,-0.0248229262908972
"2018-09-10",115,-0.435155121067028,-0.311195538595367
"2018-09-11",116,0.780655425923644,-0.164311896479813
"2018-09-12",117,0.952619251779281,-0.0785956522487279
"2018-09-13",118,0.804823081021342,0.467734121362523
"2018-09-14",119,0.614326901359796,0.177289482482046
"2018-09-17",120,0.288621819202631,-0.278091779130058
"2018-09-18",121,1.38429321206699,0.0878616362242354
"2018-09-19",122,0.641381673458946,0.226816548191295
"2018-09-20",123,0.378683654887306,0.0464719750921097
"2018-09-21",124,0.50798990528094,0.426535061582671
"2018-09-24",125,0.75880946409784,-0.35387713957122
"2018-09-25",126,0.340265492389379,-0.346208617523241
"2018-09-26",127,-0.452028452413882,0.233893463160864
"2018-09-27",128,1.49374604447229,-0.0725893154589119
"2018-09-28",129,0.22976810850811,0.0589074178513029
"2018-10-01",130,-0.0355654459667534,0.0596492567445491
"2018-10-02",131,-0.518018395798626,-0.489488234859075
"2018-10-03",132,0.784496587997096,-0.0217710114845748
"2018-10-04",133,-1.91421693608627,-0.314761832448748
"2018-10-05",134,-0.0728593119722101,-0.0426783852610777
"2018-10-08",135,-0.0538019181147336,-0.248770347617417
"2018-10-09",136,0.0722281212514123,-0.0225653041033542
"2018-10-10",137,-0.884713927315481,0.0201658724740072
"2018-10-11",138,-1.07285488817327,-0.777976287766471
"2018-10-12",139,0.971790814007522,0.43634942664913
"2018-10-15",140,0.302241396623686,-0.275446281057888
"2018-10-16",141,1.05322090345841,0.0204021848576071
"2018-10-17",142,-0.162271901247487,0.0278860374685923
"2018-10-18",143,-1.23981168743369,0.00594623241105192
"2018-10-19",144,-0.730727133701209,0.0851141165432661
"2018-10-22",145,-0.580886217333,0.482607146572578
"2018-10-23",146,-0.547589311029424,-0.563940939816277
"2018-10-24",147,1.03663202937012,-0.0687532293133663
"2018-10-25",148,-0.240451966996137,-0.172759576636223
"2018-10-26",149,-1.26429706051016,-0.188445230845893
"2018-10-29",150,0.818138910568262,0.0738544381651847
"2018-10-30",151,-0.40626952404982,-0.156360026632358
"2018-10-31",152,1.17897442791099,0.267387304752309
"2018-11-01",153,0.295202438591485,0.293965535171711
"2018-11-02",154,0.196340573191836,0.700618198820507
"2018-11-05",155,0.196340573191836,-0.341729932535138
"2018-11-06",156,0.910119390384945,0.119456188135935
"2018-11-07",157,0.722014517147674,0.0289803481946188
"2018-11-08",158,-0.482476990988338,0.0613515680316945
"2018-11-09",159,-1.86737159943579,-0.366615792810545
"2018-11-12",160,-0.367439313010678,0.0254919655485191
"2018-11-13",161,-0.829861119103598,0.0976854026775841
"2018-11-14",162,0.980107595636273,-0.0886862894943381
"2018-11-15",163,0.779247461165143,0.26488056166725
"2018-11-16",164,0.216018571227577,0.0455483329389944
"2018-11-19",165,0.0485646542013729,0.110267385102456
"2018-11-20",166,-1.04714549482544,-0.313794754274574
"2018-11-21",167,0.596563608324961,0.079314459029037
"2018-11-22",168,0.612408172876642,0.0332607624891523
"2018-11-23",169,-1.37921740105111,-0.0479336624256254
"2018-11-26",170,-1.66291889409077,0.266285556066405
"2018-11-27",171,0.826390935556478,-0.0330422100525317
"2018-11-28",172,0.838732539554332,0.195551409059139
"2018-11-29",173,1.53490422208737,-0.133786150022127
"2018-11-30",174,-0.819737429384596,0.0405490856900833
"2018-12-03",175,1.52193130325223,0.370260535502388
"2018-12-04",176,0.0955318323784661,0.0446590670729654
"2018-12-05",177,-0.14742125322241,-0.248866421592679
"2018-12-06",178,-1.01304134726461,-0.387538044637703
"2018-12-07",179,1.2840300029381,-0.0557431068791437
"2018-12-10",180,-1.13719278149565,-0.182195847042317
"2018-12-11",181,-0.0906589124185095,0.0192425406745277
"2018-12-12",182,-0.476092356561938,0.26457928552357
"2018-12-13",183,0.19827539325791,0.210629322968261
"2018-12-14",184,-0.692483617930186,-0.253578263694145
"2018-12-17",185,-0.161736328453987,-0.000776618148872928
"2018-12-18",186,-0.400115961884522,-0.166437641464572
"2018-12-19",187,-0.349175164599961,0.0328555017730436
"2018-12-20",188,-0.896218309901604,-0.151586232532584
"2018-12-21",189,-0.349042077805088,0.0789850382247422
"2018-12-24",190,-0.395439723104293,-0.0770832536653686
"2018-12-26",191,0.262315072448478,-0.0857149910509636
"2018-12-27",192,0.203822580981052,-0.129284488755889
"2018-12-28",193,0.554388101875183,-0.0079324498227959
"2018-12-31",194,0.153273628866849,0.183927233508397
"2019-01-02",195,0.153273628866849,-0.46116304749924
"2019-01-03",196,1.02859796901534,-0.0665966882808504
"2019-01-04",197,1.72900704682287,0.305018580497066
"2019-01-07",198,1.72900704682287,0.104674996752918
"2019-01-08",199,0.268063422299542,0.0141538313434307
"2019-01-09",200,0.680805519900312,0.347729354739415
"2019-01-10",201,0.366503093384289,0.0231610622318691
"2019-01-11",202,0.344123319390888,0.079460704499911
"2019-01-14",203,-0.0781929512038244,-0.231534739984379
"2019-01-15",204,0.0511756715542097,0.314037153371488
"2019-01-16",205,0.265866627589901,0.0315269262250987
"2019-01-17",206,0.21856810397118,-0.104123771997361
"2019-01-18",207,1.00925839163637,0.207318354385703
"2019-01-21",208,-0.26873588788227,0.0674191739797639
"2019-01-22",209,-0.0617885986375957,-0.122791242725699
"2019-01-23",210,0.865943743809395,-0.000844283763626403
"2019-01-24",211,0.0889772223516356,0.0696173691194973
"2019-01-25",212,0.202198038053567,0.28695990876502
"2019-01-28",213,-0.664065275542873,0.00818664117643277
"2019-01-29",214,0.642049609852372,-0.0244949935647719
"2019-01-30",215,0.390960000248783,0.0680248524554
"2019-01-31",216,0.781528088808742,0.194076180912141
"2019-02-01",217,-0.157020811728643,0.0112872685033358
"2019-02-04",218,0.00133590260453915,0.0460162781779664
"2019-02-05",219,0.628835092127526,0.0401576545517304
"2019-02-06",220,-0.381593611377307,0.0382649872343179
"2019-02-07",221,-0.798167860438495,0.0321261308886627
"2019-02-08",222,-0.0199021784252981,-0.0266149029688009
"2019-02-11",223,0.092130780585479,0.108799194077747
"2019-02-12",224,0.729111170815881,0.0129580731517506
"2019-02-13",225,-1.26752850978121,0.166932480308083
"2019-02-14",226,-1.81146185157633,-0.0489140995848615
"2019-02-15",227,1.12138615326236,-0.303257129756577
"2019-02-18",228,-0.0186409266496586,0.206170892212751
"2019-02-19",229,-0.17251372932622,-0.0833026063503678
"2019-02-20",230,1.08565108192957,0.123604372439405
"2019-02-21",231,-0.293590559890396,0.0483912288066938
"2019-02-22",232,0.510971221008641,0.0832409738741529
"2019-02-25",233,0.168108403775203,0.0611511623657235
"2019-02-26",234,-0.432272291778986,-0.111536685274406
"2019-02-27",235,-0.101332097686311,-0.0192611845053341
"2019-02-28",236,-0.136339778494111,-0.0754244786282399
"2019-03-01",237,-0.0430005955299614,0.0845439561015769
"2019-03-04",238,-0.0738310831622573,0.0695785253477819
"2019-03-05",239,-0.291514164499277,-0.0107290095845816
"2019-03-06",240,0.597677339397828,0.0365496351715545
"2019-03-07",241,-0.621029041054538,-0.139219385595191
"2019-03-08",242,-0.621029041054538,-0.307069334225876
"2019-03-11",243,-0.146131006112323,0.150734042023543
"2019-03-12",244,0.354949640848409,0.220547905326258
"2019-03-13",245,0.309659862394005,-0.0731356511869824
"2019-03-14",246,-0.371880549716515,0.0162519032052282
"2019-03-15",247,0.780418307729794,0.0788626129718673
"2019-03-18",248,0.863019877477358,0.229905251248456
"2019-03-19",249,0.333796866319478,0.0323953165748743
"2019-03-20",250,0.334726181630139,-0.0794920275253044
"2019-03-21",251,0.582024399382241,-0.142035711637968
"2019-03-22",252,-1.2282586572965,0.0297581411361753
"2019-03-25",253,0.766407262003023,-0.334349635707062
"2019-03-26",254,0.0872246844076568,0.0268310432247497
"2019-03-27",255,-1.14972810032031,0.0925885926861995
"2019-03-28",256,0.00948876882494746,0.0257444090006416
"2019-03-29",257,-0.469075698360069,0.242314878026319
"2019-04-01",258,0.837792382425102,0.409242511042553
"2019-04-02",259,0.103494828753497,0.0921642197670222
"2019-04-03",260,0.486923617583752,0.297798125169682
"2019-04-04",261,-0.254722059305798,0.00617044461315985
"2019-04-05",262,0.353294541204891,0.00965830940050854
"2019-04-08",263,0.857262259392191,0.139854148177783
"2019-04-09",264,0.491364474755844,0.0899558331549239
"2019-04-10",265,0.834705626248672,0.00799955620991384
"2019-04-11",266,-1.02651876813974,-0.164500245047439
"2019-04-12",267,0.504241650185562,0.0881775658369247
"2019-04-15",268,-0.383214798996569,-0.0362014304914494
"2019-04-16",269,0.514799162660227,0.272692716931865
"2019-04-17",270,0.606379254162988,0.0325764230124964
"2019-04-18",271,-0.187064104740462,-0.0837617858174765
"2019-04-22",272,0.885443334318302,-0.083217553875759
"2019-04-23",273,0.131143731557856,0.0470080445810799
"2019-04-24",274,-0.813532658682433,-0.0711920908246677
"2019-04-25",275,-1.07978201896132,-0.16272941745736
"2019-04-26",276,0.0679522089150067,0.0779192466667016
"2019-04-29",277,0.487005219977411,0.271946278202748
"2019-04-30",278,-0.393577845774351,-0.114986387693216
"2019-05-02",279,-0.626816347470867,0.228227757297229
"2019-05-03",280,0.637885946440886,0.134846656761693
"2019-05-06",281,-0.167659768000416,-0.65723453772478
"2019-05-07",282,-0.475269132043983,0.152392777579105
"2019-05-08",283,-0.295258799122697,-0.243839742201127
"2019-05-09",284,-0.295258799122697,-0.505958223171876
"2019-05-10",285,-1.21698084253318,0.220343603306387
"2019-05-13",286,-0.392580933827596,0.206129739254004
"2019-05-14",287,2.15308214825509,-0.300226082887279
"2019-05-15",288,0.345129558338613,0.136335857406795
"2019-05-16",289,0.883537909996734,0.0403784073684772
"2019-05-17",290,-0.401142991983151,-0.190476247863617
"2019-05-20",291,0.100387654399668,-0.072546196361124
"2019-05-21",292,1.40460066922623,-0.0495107180293697
"2019-05-22",293,0.825243869931137,0.0802565355746996
"2019-05-23",294,-1.03647916233467,-0.272458070617006
"2019-05-24",295,0.227662050413035,0.112029706548967
"2019-05-27",296,0.545729758561587,-0.00318425141414996
"2019-05-28",297,-1.01490600592805,0.126063518414974
"2019-05-29",298,0.292793291106791,-0.069411999251601
"2019-05-30",299,0.641596067421164,-0.0412075007184292
"2019-05-31",300,0.0394308621692987,-0.0979953918802818
"2019-06-03",301,1.66775030008246,0.0536528259242083
"2019-06-04",302,-0.441764764922285,-0.0290372153248085
"2019-06-05",303,-0.2425825911444,0.162927949168058
"2019-06-06",304,0.975102481722191,0.114348992889714
"2019-06-07",305,0.36032690238211,0.1231520974831
"2019-06-10",306,0.569928707988305,0.517951578104167
"2019-06-11",307,0.443255398838549,0.227211036006713
"2019-06-12",308,0.443255398838549,-0.270119520858719
"2019-06-13",309,0.215577727698322,0.0664048019645873
"2019-06-14",310,-0.337570460502917,-0.0503433777345675
"2019-06-17",311,-0.00331453500572159,0.149191185149529
"2019-06-18",312,1.06622562238325,0.262796709052616
"2019-06-19",313,0.114946381031032,0.577429762499473
"2019-06-20",314,1.71406842321609,0.310426757658231
"2019-06-21",315,-0.904562119018543,0.0200048770724212
"2019-06-24",316,0.682013560293456,0.0973600283456725
"2019-06-25",317,-0.341866845455252,-0.154105156097818
"2019-06-26",318,0.328425353151547,0.0965044168164348
"2019-06-27",319,0.0866228984924845,0.348680285224328
"2019-06-28",320,-0.421580812223933,0.010797798821666
"2019-07-01",321,1.19360120167201,0.00672344520106181
"2019-07-02",322,-0.183011543889936,0.290584038291539
"2019-07-03",323,0.188116563963474,0.0509402644944618
"2019-07-04",324,0.563824360288723,0.0281678793995699
"2019-07-05",325,-0.710522558440128,0.0536331390165971
"2019-07-08",326,0.0503550484968003,-0.233019128522858
"2019-07-09",327,-0.259426763504324,-0.0729722875335835
"2019-07-10",328,0.725413728613729,0.133448378763603
"2019-07-11",329,-0.487572224374189,0.231313291658541
"2019-07-12",330,-0.618734582215479,0.108452453166076
"2019-07-15",331,-0.0716230901140834,0.130559086108699
"2019-07-16",332,-0.249092737213095,0.115433298093028
"2019-07-17",333,-1.18943770454527,0.0566260267833395
"2019-07-18",334,-0.689770139625111,-0.0193338822434782
"2019-07-19",335,0.060356688398857,0.264120761320839
"2019-07-22",336,-0.560331861683745,-0.199221976198666
"2019-07-23",337,0.261783237073239,0.120273755480574
"2019-07-24",338,-0.343564481736473,0.0974576430397596
"2019-07-25",339,0.439105961571911,0.10498723978725
"2019-07-26",340,0.0878755162749843,-0.0660780282108146
"2019-07-29",341,0.32009144849315,-0.126565757979907
"2019-07-30",342,-0.037302714883662,0.0905994882629485
"2019-07-31",343,0.430142279254574,-0.171555788687727
"2019-08-01",344,-1.37155346369366,-0.0632583019473739
"2019-08-02",345,-4.21069653688891,-0.349178484959466
"2019-08-05",346,-0.65955048291418,-0.543261064225043
"2019-08-06",347,0.758896374226102,-0.0810360687719751
"2019-08-07",348,-0.587272234270214,0.086922864998159
"2019-08-08",349,1.19362655292348,0.162720876932234
"2019-08-09",350,-0.891828416424546,-0.0736501329630852
"2019-08-12",351,0.298709123928866,-0.0253444457805534
"2019-08-13",352,0.242271993350798,-0.378837029550811
"2019-08-14",353,-2.45524971148838,0.0908234516674339
"2019-08-15",354,-0.614557533482064,0.223835857775866
"2019-08-16",355,-0.670492080061117,0.25013474161809
"2019-08-19",356,0.511132976482764,0.474285029101053
"2019-08-20",357,1.11229860445791,0.0105480084910647
"2019-08-21",358,1.00885980098357,0.087367263873531
"2019-08-22",359,0.161760101312088,-0.100969475419441
"2019-08-23",360,-0.912121713361508,0.159833441444621
"2019-08-26",361,-0.00761394470033976,-0.320337703643592
"2019-08-27",362,-0.624278021123035,0.0481775787524963
"2019-08-28",363,0.535040881278364,0.0220601492184741
"2019-08-29",364,1.1872289587829,0.128975668961982
"2019-08-30",365,0.541872701060423,0.0848693784357402
"2019-09-02",366,1.01346809891233,-0.00158598891269431
"2019-09-03",367,-0.35673826491459,-0.00205302661263607
"2019-09-04",368,1.7203878528967,0.813498970631458
"2019-09-05",369,0.446424873800799,0.0642191333165005
"2019-09-06",370,0.165277306865293,0.201199324492776
"2019-09-09",371,-0.0180154296612671,0.0610386810138054
"2019-09-10",372,0.240326762645654,0.0646497871944275
"2019-09-11",373,0.66483297391867,0.411983215540948
"2019-09-12",374,0.394543159843402,0.0101212168181051
"2019-09-13",375,0.48426206152581,0.259400290888037
"2019-09-16",376,1.64545899284036,-0.113381499460786
"2019-09-17",377,-0.867732265439302,-0.191904055167587
"2019-09-18",378,0.0450076192993157,0.0368678668176957
"2019-09-19",379,-0.241302581230522,-0.171185761156861
"2019-09-20",380,-0.0356756520327348,0.0317790166418617
"2019-09-23",381,-0.229940850604959,-0.117790236724526
"2019-09-24",382,-0.890021244126471,0.10774492491597
"2019-09-25",383,-0.290501050520145,-0.230695439824231
"2019-09-26",384,0.349913801067524,0.135589626612405
"2019-09-27",385,-0.729095792976418,-0.0116980366404875
"2019-09-30",386,-0.857163185185257,0.167274849615218
"2019-10-01",387,-0.280222686666551,0.16199787394365
"2019-10-02",388,-0.999974893348911,0.0129865701837815
"2019-10-03",389,-0.431019162788024,0.103983396303435
"2019-10-04",390,0.305896438551874,-0.181753136999706
"2019-10-07",391,0.55948749271485,-0.183191385250084
"2019-10-08",392,-0.892096230051283,0.101237323107169
"2019-10-09",393,0.72651963312552,-0.122186073018512
"2019-10-10",394,0.873516902954346,0.0696898805624202
"2019-10-11",395,-0.0774593439355915,0.521010416215462
"2019-10-14",396,-0.544874339129156,0.224753784230702
"2019-10-15",397,0.645502811076344,0.0422141494327469
"2019-10-16",398,1.06199848539719,0.177614826775481
"2019-10-17",399,0.392680540965793,0.200040509025237
"2019-10-18",400,0.118983528962898,-0.0339039450126699
"2019-10-21",401,0.633620908604609,0.0658551133215829
"2019-10-22",402,1.42826735421193,0.111078785111986
"2019-10-23",403,0.303616914421507,-0.0994897091111694
"2019-10-24",404,1.32088389693668,0.243003189580033
"2019-10-25",405,0.470757514988459,-0.0300413329913947
"2019-10-28",406,-0.565857418251256,0.2594328815377
"2019-10-29",407,0.754781657176022,-0.0147932754589999
"2019-10-30",408,0.48657417259487,-0.0277037527556101
"2019-10-31",409,-0.545138405028,0.269156331672892
"2019-11-01",410,1.98736856481441,0.220433357261014
"2019-11-04",411,1.98736856481441,0.422404354426654
"2019-11-05",412,0.30780486245553,0.204658000543395
"2019-11-06",413,0.652917239518773,0.0969595241270473
"2019-11-07",414,0.943829525839286,0.219870451028891
"2019-11-08",415,-1.12595895307399,-0.0620724419618159
"2019-11-11",416,-0.438364448580627,-0.532763120389195
"2019-11-12",417,-0.696917372982318,0.212946318297881
"2019-11-13",418,-0.703760960083895,-0.322192265062998
"2019-11-14",419,-0.0484253283540675,-0.124490971057899
"2019-11-15",420,0.771604441777062,0.0957761922264231
"2019-11-18",421,-0.389885068972051,0.425657446424716
"2019-11-19",422,0.537752713623779,0.457935393043654
"2019-11-20",423,-0.194543993651198,-0.0786469225906293
"2019-11-21",424,0.400074410356393,-0.287101731503234
"2019-11-22",425,0.048506961897132,0.209385718988579
"2019-11-25",426,-0.0449166437233868,0.424078774657298
"2019-11-26",427,-0.871531118353129,0.0256888033808862
"2019-11-27",428,0.0138271092605654,0.119150125487875
"2019-11-28",429,-0.118669741064593,0.0400462535756914
"2019-11-29",430,-0.0429904140100036,-0.364530153440939
"2019-12-02",431,-0.369182790558027,0.165056816453821
"2019-12-03",432,-1.24995282856212,0.0445585855560322
"2019-12-04",433,1.07799976451636,-0.184168809351703
"2019-12-05",434,0.029715118895459,0.212567145309052
"2019-12-06",435,1.22130204156662,0.309317182042274
"2019-12-09",436,0.570274856062978,0.0931642189100111
"2019-12-10",437,-0.165583148567303,0.0533236081034854
"2019-12-11",438,0.600037663529901,0.26518074462981
"2019-12-12",439,2.2325010790742,0.37592662075403
"2019-12-13",440,0.292536403034156,0.683176254026002
"2019-12-16",441,1.00868528714318,-0.025686257219655
"2019-12-17",442,0.22309469507223,0.37627584515565
"2019-12-18",443,0.127041000186728,0.147442399603393
"2019-12-19",444,-0.187344812263048,0.0508318367432576
"2019-12-20",445,0.277459167261099,0.169377678703623
"2019-12-23",446,0.727829901473046,0.140749695034316
"2019-12-24",447,0.354536932463171,0.0772520028267432
"2019-12-26",448,-0.586813063513534,0.0755792865174941
"2019-12-27",449,0.931994720901745,0.367916019453126
"2019-12-30",450,-0.0251428802549415,0.171193050183766
"2019-12-31",451,-0.0251428802549415,0.00303775992574414
"2020-01-02",452,-0.0251428802549415,0.359732233153542
"2020-01-03",453,0.987168619664015,0.0295826394038957
"2020-01-06",454,0.271542008824732,-0.0630756892891643
"2020-01-07",455,0.271542008824732,0.172593558368252
"2020-01-08",456,1.32107099787475,-0.0693208163868962
"2020-01-09",457,0.797804969763713,0.451303284358344
"2020-01-10",458,0.809155218303918,0.161124656029617
"2020-01-13",459,0.316170585151953,0.33909470277135
"2020-01-14",460,-0.908243086891031,0.0603457464171199
"2020-01-15",461,-0.160197931149011,0.0226450916119426
"2020-01-16",462,0.650362523125156,0.183588441726329
"2020-01-17",463,1.53661205500426,0.233776984504273
"2020-01-20",464,0.53922287110063,-0.0822134945340996
"2020-01-21",465,-0.736089314405908,-0.500135990788543
"2020-01-22",466,-1.30604389244694,0.385636892555811
"2020-01-23",467,-1.0267396201832,-0.206571192751874
"2020-01-24",468,0.234030874644318,0.131670262459764
"2020-01-27",469,-3.65415878923421,0.132645726069316
"2020-01-28",470,1.87401436611525,0.11503942439332
"2020-01-29",471,-0.0903379892933482,-0.501838403602352
"2020-01-30",472,-1.59394257673072,-0.427766716085006
"2020-01-31",473,-1.70910324674881,-0.0137787961020262
"2020-02-03",474,0.260128167519583,0.125717097662963
"2020-02-04",475,1.60638075876907,0.346551116166268
"2020-02-05",476,0.808650402833938,0.194555404356461
"2020-02-06",477,-1.26880111457668,0.708981643712408
"2020-02-07",478,-1.28873229681705,0.0260404533035548
"2020-02-10",479,-0.877366755634297,-0.037827429151579
"2020-02-11",480,2.1920265302478,0.36407611683719
"2020-02-12",481,1.08719210125804,0.289435508826192
"2020-02-13",482,-0.851102418887679,0.0211970735695051
"2020-02-14",483,-0.529690897949747,0.164849862404249
"2020-02-17",484,0.524744163719366,0.20954343986372
"2020-02-18",485,-1.72611158307766,-0.2598307384134
"2020-02-19",486,1.65744755627916,0.197658081213561
"2020-02-20",487,-0.380701130958978,0.0548731128478242
"2020-02-21",488,-0.682576803084175,-0.17150045052655
"2020-02-24",489,-0.682576803084175,-0.351567711958091
"2020-02-25",490,-5.00892111524037,0.161443299834962
"2020-02-26",491,0.934933897746736,-0.10537483426717
"2020-02-27",492,-4.69694337337265,0.150274793370788
"2020-02-28",493,-2.81672492152407,-0.497890420221232
"2020-03-02",494,0.159997418081358,0.206223264443737
"2020-03-03",495,1.85277499797459,0.0459004345964696
"2020-03-04",496,-0.213374357366158,-0.00134650821640786
"2020-03-05",497,-0.541525041545904,0.574341970031377
"2020-03-06",498,-2.22832707493372,-0.507827522015591
"2020-03-09",499,-2.22832707493372,-1.03502044210194
"2020-03-10",500,-4.53041687198668,0.397849112549621
"2020-03-11",501,-0.452433102485023,-0.131395702156437
"2020-03-12",502,-7.26808099555998,-0.867242057634113
"2020-03-13",503,0.413397179208415,-0.354938167309143
"2020-03-16",504,-0.34558861799432,-1.29555793203047
"2020-03-17",505,-0.535599681684175,0.142653817468266
"2020-03-18",506,-2.2292995557191,-0.821140703842115
"2020-03-19",507,1.13322080128211,-0.572019986697253
"2020-03-20",508,0.38457507303008,0.947033003646385
"2020-03-23",509,-0.740361866737929,-0.0100092927758176
"2020-03-24",510,1.48424760428514,0.597455550378654
"2020-03-25",511,0.236241393968045,0.707878272487176
"2020-03-26",512,1.013021568361,-0.0843577492541925
"2020-03-27",513,-0.994814337443705,0.0791582310587872
"2020-03-30",514,0.066097620367472,-0.185581737235385
"2020-03-31",515,2.45641203374903,0.333805670390056
"2020-04-01",516,-0.516951122128892,-0.328597644079922
"2020-04-02",517,1.41658923737968,0.249130967957479
"2020-04-03",518,0.35372862712128,-0.00122805906720895
"2020-04-06",519,0.746387998686294,0.505712762581067
"2020-04-07",520,0.422592161926182,0.421841236062903
"2020-04-08",521,0.366570450450522,-0.247753571423973
"2020-04-09",522,1.11207175511649,0.156955528673319
"2020-04-13",523,-0.836243930274973,0.158175807816476
"2020-04-14",524,0.332770622195352,0.182017754763031
"2020-04-15",525,-4.33918426750599,-0.243915239662041
"2020-04-16",526,0.632655782652219,-0.142954659810164
"2020-04-17",527,0.348842774873846,0.159787327025579
"2020-04-20",528,-0.260446491552242,-0.0795645905450581
"2020-04-21",529,-1.90077601167321,-0.757961310695746
"2020-04-22",530,1.98033504733366,0.0883835414515449
"2020-04-23",531,0.874468660303944,0.0805956942412326
"2020-04-24",532,-0.385354860110721,-0.174037351042282
"2020-04-27",533,0.0733475661866414,0.142276413370937
"2020-04-28",534,0.684530154108632,0.112150901983117
"2020-04-29",535,0.987967985176292,0.0941065639449241
"2020-04-30",536,-0.509014687140567,0.105154946328787
"2020-05-04",537,-0.723000591048389,-1.49466729595216
"2020-05-05",538,0.982031995886093,0.234967913107386
"2020-05-06",539,-0.672472123998292,0.047288646031231
"2020-05-07",540,0.676367304601245,-0.201377577861318
"2020-05-08",541,0.321660181798041,0.225789575029695
"2020-05-11",542,0.321660181798041,0.484298228115285
"2020-05-12",543,0.0427900643775505,-0.345807120903808
"2020-05-13",544,-1.00349178006351,-0.00238850820640756
"2020-05-14",545,-0.286273045968034,-0.426785283672338
"2020-05-15",546,0.235177444419906,-0.0511981207848764
"2020-05-18",547,3.55692278749774,0.150826334269465
"2020-05-19",548,0.389280262693477,0.671549366086773
"2020-05-20",549,1.71480717734653,0.0277544813665987
"2020-05-21",550,-0.171874402272099,-0.178316361056511
"2020-05-22",551,-0.673178044272284,-1.95582550688718
"2020-05-25",552,0.7478723693049,0.0488461165152587
"2020-05-26",553,0.344200251907618,0.0244819894311435
"2020-05-27",554,-0.333423761917008,-0.0433385210509056
"2020-05-28",555,1.02922754252283,-0.159532948306779
"2020-05-29",556,-0.752097290964118,-0.115580874846293
"2020-06-01",557,1.09736991983078,1.14363574145945
"2020-06-02",558,1.11239115944795,0.235524337600079
"2020-06-03",559,1.07413973908456,0.327987481516619
"2020-06-04",560,-1.91662012692974,0.0514905321061389
"2020-06-05",561,0.866339568357237,0.386205357438716
"2020-06-08",562,0.100161219162443,0.0173691403475946
"2020-06-09",563,-0.133669656217186,0.271217243909127
"2020-06-10",564,-0.23356883554283,0.00861220763953856
"2020-06-11",565,-1.45597826574799,-0.0687131811837321
"2020-06-12",566,-1.45597826574799,-0.153004683765156
"2020-06-15",567,-0.641625773599717,-0.866506255381851
"2020-06-16",568,0.996763069812912,0.614383157741589
"2020-06-17",569,-0.21958146255981,0.128777823733402
"2020-06-18",570,-0.309118296585787,-0.0223280211085196
"2020-06-19",571,1.01554266952335,0.195541407057478
"2020-06-22",572,0.392423923014142,-0.187584876090274
"2020-06-23",573,1.55689328540637,0.000109553052566526
"2020-06-24",574,1.55689328540637,-0.00192011019529589
"2020-06-25",575,-1.4079136422301,0.0018333857763222
"2020-06-26",576,-0.620962531905302,-0.0209324067283147
"2020-06-29",577,-0.546682841337798,-0.0369312799537159
"2020-06-30",578,-1.6959246261181,0.216410992259748
"2020-07-01",579,-1.6959246261181,0.203405764832597
"2020-07-02",580,2.00520405116526,0.00472319903118602
"2020-07-03",581,-0.681760122857086,0.296978718077224
"2020-07-06",582,0.669881869077684,1.30347955396019
"2020-07-07",583,0.0364206046786437,-0.0670885994870233
"2020-07-08",584,-0.103183568267712,0.0177003310743887
"2020-07-09",585,-0.711906066378762,0.0825231979101453
"2020-07-10",586,0.701650062615659,-0.0254972744984773
"2020-07-13",587,-0.749332549634646,0.044651079688573
"2020-07-14",588,-1.4074390233688,-0.0341468753322791
"2020-07-15",589,0.16269944399206,-0.00839533483596697
"2020-07-16",590,0.0545422077208005,-0.632456522785705
"2020-07-17",591,-0.26842780755935,0.0856053699156955
"2020-07-20",592,1.43216933658158,-0.0558520000972826
"2020-07-21",593,1.74282848559902,0.554417553602793
"2020-07-22",594,-0.293655335557079,-0.559275891324401
"2020-07-23",595,0.392343027718593,0.276581954819534
"2020-07-24",596,-0.375354292843711,-0.561642110886378
"2020-07-27",597,0.744228327526225,-0.0998890139532455
"2020-07-28",598,-0.627875778208674,0.198782623745127
"2020-07-29",599,0.692221712656347,0.148866228830143
"2020-07-30",600,-2.44499729504518,-0.209803531593918
"2020-07-31",601,0.124404363049393,-0.14257537147709
"2020-08-03",602,1.42082690620612,-0.183242080538445
"2020-08-04",603,0.154241057439825,0.669023860916571
"2020-08-05",604,1.7577619657311,0.208704099578634
"2020-08-06",605,-0.644826454370764,-0.187084490506782
"2020-08-07",606,-0.527188059175368,-0.586474446408392
"2020-08-10",607,-0.153554831066092,-0.156298781533264
"2020-08-11",608,1.44662118746891,0.594441080764165
"2020-08-12",609,0.541004469915888,0.381622671304504
"2020-08-13",610,0.971785711234243,0.00722379882417099
"2020-08-14",611,-0.109341897490376,-0.0319041215798845
"2020-08-17",612,-0.910991265762692,0.0287901938564534
"2020-08-18",613,0.160714457714531,0.0500211899685204
"2020-08-19",614,0.286649359285264,0.0111917393133419
"2020-08-20",615,-3.08612906659857,-0.0508275087102745
"2020-08-21",616,-0.685602287915682,0.495417278543979
"2020-08-24",617,0.80859446936568,0.427270373112643
"2020-08-25",618,-0.661929159621967,-0.0800731709471148
"2020-08-26",619,0.355031043965564,-0.000471878016208765
"2020-08-27",620,-0.414146030659491,-0.254365371048535
"2020-08-28",621,0.0533685763166673,0.192168080477628
"2020-08-31",622,-0.477820951893788,-0.293011324611636
"2020-09-01",623,0.900748966274742,0.000627705066287031
"2020-09-02",624,-2.97687420535586,-0.0889497236707832
"2020-09-03",625,-0.619546693098586,-0.177153342533073
"2020-09-04",626,-0.141111235355808,-0.542095782619985
"2020-09-07",627,-0.0837764949226973,-0.195612001638525
"2020-09-08",628,-1.69869638402374,0.0307081154858864
"2020-09-09",629,0.735684748424923,-0.282202253268543
"2020-09-10",630,0.678214844230892,-0.263812918428267
"2020-09-11",631,0.306430521125582,0.279942175137896
"2020-09-14",632,0.285906918489457,0.161258916794723
"2020-09-15",633,1.48935112837927,0.101445031492595
"2020-09-16",634,-0.110299277406187,-0.0194759117476248
"2020-09-17",635,-0.5409230036379,-0.68164006700536
"2020-09-18",636,-0.939778771676668,0.0139052624592728
"2020-09-21",637,-3.68829817433748,-0.630054609527168
"2020-09-22",638,0.675846311064224,-0.32369527391397
"2020-09-23",639,0.0800838699560386,0.023172664485221
"2020-09-24",640,-0.288339929939125,-0.517033559705161
"2020-09-25",641,-1.37375073253371,-0.123495386782376
"2020-09-28",642,0.124381291569555,0.279948718496162
"2020-09-29",643,-0.528301844207872,-0.328324501208018
"2020-09-30",644,1.22267020392671,0.231328185185187
"2020-10-01",645,-0.233764177135526,0.233120056282144
"2020-10-02",646,-1.71009007758682,0.237732695122827
"2020-10-05",647,0.637932048347641,0.465237636344148
"2020-10-06",648,0.718770502825758,0.31045835490674
"2020-10-07",649,-1.49500541183829,0.366599428682217
"2020-10-08",650,0.836785740642052,-0.111300570686932
"2020-10-09",651,0.323784330787839,-0.158201154448476
"2020-10-12",652,-0.0795261162965057,0.845585556930173
"2020-10-13",653,-0.567614088397308,0.818692608317543
"2020-10-14",654,0.357049312429485,-0.0371212655299934
"2020-10-15",655,-2.51528843629067,-0.86259020132081
"2020-10-16",656,0.0485146417508484,0.24801533265772
"2020-10-19",657,0.158264886257644,0.0797170755141239
"2020-10-20",658,0.334293814154749,-0.0350473115889306
"2020-10-21",659,0.241519510359211,0.214533944903275
"2020-10-22",660,1.02149647456703,-0.0328938526464245
"2020-10-23",661,0.681052437865322,0.101200472695564
"2020-10-26",662,-0.812328806451535,0.0946483892839339
"2020-10-27",663,-1.69172083041292,-0.27084565568034
"2020-10-28",664,-4.36219084178921,-0.223589229340851
"2020-10-29",665,0.0303886230690708,-0.28518507063829
"2020-10-30",666,-0.508384163125799,-0.943238246860538
"2020-11-02",667,0.112339937917242,0.436138347671268
"2020-11-03",668,1.71763371498891,0.422876814617088
"2020-11-04",669,1.71763371498891,-0.172421100705697
"2020-11-05",670,1.75935442934728,0.773610364429588
"2020-11-06",671,0.124186780159338,-0.0726478114835695
"2020-11-09",672,0.59720394043805,0.327530395154973
"2020-11-10",673,-0.0691409755951315,0.152110804705723
"2020-11-11",674,0.0271256121127295,-0.189584783938723
"2020-11-12",675,0.0445998118779291,-0.145724320695486
"2020-11-13",676,-0.395432183394432,-0.108812925543957
"2020-11-16",677,1.60142291214417,0.228746924356424
"2020-11-17",678,-0.339241689192428,-0.028552431994594
"2020-11-18",679,0.180048177025298,0.081207591231039
"2020-11-19",680,-0.53867525603568,-0.331515075630033
"2020-11-20",681,0.150632741242214,0.0486344745920952
"2020-11-23",682,-0.244200859807632,-0.0340779222242514
"2020-11-24",683,1.1564228147821,0.0819163604417884
"2020-11-25",684,0.611869943916121,0.0311821015638051
"2020-11-26",685,0.172407676626632,0.25325047511981
"2020-11-27",686,-0.205663962744411,0.0489434518751286
"2020-11-30",687,-1.27846608139149,-0.824702867518197
"2020-12-01",688,1.62625151111594,0.256095027201606
"2020-12-02",689,1.18055328580087,-0.139429289480989
"2020-12-03",690,0.191424969259277,0.193486169978217
"2020-12-04",691,0.863023436575806,0.0891763871937224
"2020-12-07",692,0.532528052996411,-0.556504820689043
"2020-12-08",693,-0.222428259036656,-0.40099124171231
"2020-12-09",694,0.420352508428965,0.251688691016219
"2020-12-10",695,1.69559729367171,-0.269241925337345
"2020-12-11",696,0.389343514158357,0.0446301968444699
"2020-12-14",697,-0.582624718287349,-0.250941070924533
"2020-12-15",698,-0.0759327908342245,-0.390704848401805
"2020-12-16",699,0.432067995318642,0.390716937461844
"2020-12-17",700,1.03773794643188,0.313645017751123
"2020-12-18",701,-1.02377918795065,-0.424216157192223
"2020-12-21",702,-3.25379940909941,-0.406509731569194
"2020-12-22",703,0.376928130801083,-0.416231375761974
"2020-12-23",704,0.840468695354139,0.275903673131788
"2020-12-24",705,0.508848252089975,0.0091590363850447
"2020-12-28",706,0.559281979702508,-0.226898155292261
"2020-12-29",707,0.280358772499562,0.417917358633192
"2020-12-30",708,-0.470951067483761,1.06917755266588
"2020-12-31",709,-0.470951067483761,0.0342085558939181
"2021-01-04",710,1.66946047297595,0.205360336712506
"2021-01-05",711,0.0636079511442931,0.142750958155185
"2021-01-06",712,0.445303086066899,-0.0460225912837162
"2021-01-07",713,0.445303086066899,-0.308695090340942
"2021-01-08",714,1.22235941645232,0.451659066378625
"2021-01-11",715,0.00803644199893446,-0.059161527114303
"2021-01-12",716,0.845930947414995,0.446161274547546
"2021-01-13",717,0.083137199602719,-0.169878636719757
"2021-01-14",718,0.638652685128427,0.354089058318793
"2021-01-15",719,-1.42151201267809,0.0164703443956024
"2021-01-18",720,0.0332573641095071,0.321702538962322
"2021-01-19",721,-0.189860933327661,1.02417344709178
"2021-01-20",722,0.285720337946973,0.29449633445163
"2021-01-21",723,-1.11339433787134,-0.156275132155803
"2021-01-22",724,-0.904551214317119,-0.772746155910643
"2021-01-25",725,-0.118272960861077,0.870946896684342
"2021-01-26",726,0.156978589326025,-0.89985907381587
"2021-01-27",727,-0.429388867760142,-0.202422787887652
"2021-01-28",728,-0.113584750898046,-0.911959475461842
"2021-01-29",729,-0.231367907625017,-0.456380347386682
"2021-02-01",730,-0.046538814536478,0.631637795601696
"2021-02-02",731,1.49216507820446,0.228003024517147
"2021-02-03",732,-0.563563783625291,-0.0427492259881721
"2021-02-04",733,0.692712803644872,-0.303147147626562
"2021-02-05",734,1.35885664801789,0.159642951613158
"2021-02-08",735,1.26961367256106,-0.0474480144750181
"2021-02-09",736,-0.176428085926156,0.139751739104453
"2021-02-10",737,-0.390471140129242,0.683043049839836
"2021-02-11",738,0.461127229551808,0.0519764231656545
"2021-02-12",739,0.0338927001817719,0.0542459482327535
"2021-02-15",740,1.68027872769683,0.0539384475030057
"2021-02-16",741,-0.0759788669124082,0.471464612210528
"2021-02-17",742,-1.54138348144081,0.366309176347502
"2021-02-18",743,-0.703519491986469,-0.657918149617435
"2021-02-19",744,1.08616832919421,0.00481857874129038
"2021-02-22",745,-0.459872716994509,-0.360123773390829
"2021-02-23",746,-0.459872716994509,0.332174956733162
"2021-02-24",747,-0.469128673153812,-1.16103750211875
"2021-02-25",748,0.212844932744199,0.347520158055583
"2021-02-26",749,-1.80667192439434,-0.864216928374652
"2021-03-01",750,1.44328180997335,0.342647317549256
"2021-03-02",751,0.42722809803672,-0.268777844227854
"2021-03-03",752,0.0558047679766629,0.412187661321572
"2021-03-04",753,0.0532553115509408,-0.416955962238528
"2021-03-05",754,-0.337195019791755,-0.0870348116009825
"2021-03-08",755,-0.337195019791755,-0.563881598866365
"2021-03-09",756,1.67136702637824,0.183799972317308
"2021-03-10",757,-0.0970499322017714,0.146321794589053
"2021-03-11",758,1.11729271518757,0.427929928542941
"2021-03-12",759,0.685319183930025,-0.526670692600922
"2021-03-15",760,1.011941223704,0.112442430367232
"2021-03-16",761,0.348817152443938,0.169622372409904
"2021-03-17",762,-2.68931825641616,0.0312166599044648
"2021-03-18",763,-0.179295044252289,0.403550305110406
"2021-03-19",764,-0.702608468275034,-0.315939025110693
"2021-03-22",765,-0.318560627565628,-0.1105654035342
"2021-03-23",766,-1.37331839888048,-0.362838777141548
"2021-03-24",767,0.0706323375366451,-0.527876372549315
